position,cutsites
-1000,1.4121950013230944
-999,1.3013954637579044
-998,1.3156093223768133
-997,1.3347088046722224
-996,1.33718615310323
-995,1.4812969621266436
-994,1.3160589215404475
-993,1.2262585634743919
-992,1.4313135350211608
-991,1.3164082020064614
-990,1.284080940900119
-989,1.2860834206673557
-988,1.0880793868582475
-987,1.2973555428122638
-986,1.2907010319990138
-985,1.3098568947990188
-984,1.3889510413088961
-983,1.2691495135077426
-982,1.449139848969572
-981,1.2490214789275769
-980,1.2918385716775267
-979,1.4681030623227413
-978,1.3811135611444403
-977,1.4544794782916532
-976,1.2659976865388884
-975,1.278501777588441
-974,1.382381944277844
-973,1.3451220682796634
-972,1.375447844478241
-971,1.3596341970187664
-970,1.2833783642432628
-969,1.3900731726444284
-968,1.2733058547031497
-967,1.4358237523787847
-966,1.3065637018067324
-965,1.5055783375951282
-964,1.431662429624682
-963,1.3056228083682468
-962,1.3223277489833383
-961,1.4863086992271248
-960,1.3137971040018908
-959,1.461652873801402
-958,1.3168920490922393
-957,1.4350671332780094
-956,1.4047361091909045
-955,1.3671796770370053
-954,1.5437047658111862
-953,1.3293705968332212
-952,1.3899049755182051
-951,1.3686128267596072
-950,1.3663377945735973
-949,1.409378668451824
-948,1.4387735745376662
-947,1.3887168147543612
-946,1.480504882693669
-945,1.2757918621599853
-944,1.5153683778597833
-943,1.4750751214464102
-942,1.4360903128823421
-941,1.4205515023804625
-940,1.281277655653653
-939,1.3572021788301278
-938,1.3960673493013123
-937,1.35783771949935
-936,1.3899179393787766
-935,1.3666407690957219
-934,1.2617377943251855
-933,1.3796135735558976
-932,1.3878239257143794
-931,1.4196915175681835
-930,1.4680640538312675
-929,1.3110784698464526
-928,1.454260554144962
-927,1.4434247968437637
-926,1.3993767772957235
-925,1.5147041618470638
-924,1.2955607207875275
-923,1.4145274724986783
-922,1.437516464215486
-921,1.4377660600492383
-920,1.522520327793449
-919,1.3645296760388654
-918,1.3298311244052288
-917,1.3923239782316483
-916,1.3554949695919065
-915,1.4610017210853672
-914,1.441379222761309
-913,1.5014416986877768
-912,1.541056019737376
-911,1.5103096842833583
-910,1.5864470624152336
-909,1.3403550088483562
-908,1.5500668774411415
-907,1.473635661652122
-906,1.4622859625650053
-905,1.4062835077083047
-904,1.4916805513702591
-903,1.43193955862515
-902,1.5865333453306545
-901,1.4285926857883369
-900,1.4343295561220275
-899,1.5307711626693428
-898,1.4121614264258757
-897,1.565775388970257
-896,1.4653814915266714
-895,1.4505571654105476
-894,1.4752205449735116
-893,1.5160303957777028
-892,1.5710047265413656
-891,1.405212387645937
-890,1.5261877723745365
-889,1.5269009780897407
-888,1.4206144738236786
-887,1.5812382355898673
-886,1.5132674373782562
-885,1.6449129875852
-884,1.549985002148878
-883,1.4620995460176667
-882,1.495753775932684
-881,1.5662434475248737
-880,1.5891706399019765
-879,1.5514013884720492
-878,1.4453207404651172
-877,1.407481171259952
-876,1.5879690289528723
-875,1.5995190942232993
-874,1.6339084717557737
-873,1.5827124226385163
-872,1.5056126010080093
-871,1.502577985046058
-870,1.5087359356949654
-869,1.6230802089827607
-868,1.489692778951054
-867,1.5186152106772122
-866,1.454121151864438
-865,1.4909284798306137
-864,1.6901148200787786
-863,1.5601178257179658
-862,1.7160419022497193
-861,1.506018290230607
-860,1.6520488515520915
-859,1.6784195241430189
-858,1.494850995596692
-857,1.4967416677677652
-856,1.6709527949505798
-855,1.5407958078339494
-854,1.5702898366056954
-853,1.6171678401318887
-852,1.5712483410222922
-851,1.489878428602928
-850,1.5816157548804868
-849,1.599782961878435
-848,1.662871430865517
-847,1.6123418060698964
-846,1.5320749017667754
-845,1.676761837052784
-844,1.5635038335471505
-843,1.611252313939475
-842,1.7565021623338561
-841,1.5871622127999319
-840,1.5560797204736307
-839,1.575913607738628
-838,1.6420832812319759
-837,1.6178161489509055
-836,1.7565369808157558
-835,1.5966465709008046
-834,1.6674503420264712
-833,1.6531307207751573
-832,1.5738956822881336
-831,1.6705581003295336
-830,1.6114157136321448
-829,1.7348262461674413
-828,1.622730588882089
-827,1.6250984477031096
-826,1.5898008664375307
-825,1.71964084618235
-824,1.6921194213785387
-823,1.773534517652422
-822,1.651558689222186
-821,1.6826291156984978
-820,1.6782346843527423
-819,1.7985630352939792
-818,1.6513103663186197
-817,1.6408175878325424
-816,1.649496779319648
-815,1.7540722682324263
-814,1.7708570282019798
-813,1.729627222812595
-812,1.6514919611416266
-811,1.7702801648176476
-810,1.6835956435238049
-809,1.7144998571999401
-808,1.7898218413762486
-807,1.7211736590703595
-806,1.7446475023117072
-805,1.7328567799444339
-804,1.6699841462590244
-803,1.7867332535684814
-802,1.648435669572239
-801,1.7588885248789825
-800,1.8254951682628895
-799,1.6367995485725655
-798,1.7096015783898295
-797,1.6871616959622178
-796,1.7141328568415066
-795,1.7777292896578087
-794,1.7422886732293976
-793,1.6535154086666042
-792,1.8075767911848724
-791,1.7576346510046321
-790,1.7862983506486358
-789,1.894082995042577
-788,1.5258525003531622
-787,1.765765648215177
-786,1.8047558051410981
-785,1.8195896588420626
-784,1.7805470027824362
-783,1.7274640260324483
-782,1.794813792084655
-781,1.7403154081759382
-780,1.819529966521312
-779,1.8482841460424617
-778,1.7869805020676113
-777,1.9044535388355621
-776,1.9130262512091603
-775,1.7518415353452215
-774,1.7838540617283116
-773,1.7125922544538166
-772,1.9745170668411904
-771,1.8587155233842554
-770,1.7692026817918962
-769,1.8515456334153773
-768,1.7098487751556972
-767,1.8683332338146224
-766,1.6685591826597788
-765,1.9418890998171314
-764,2.000286818748014
-763,1.8670670980776938
-762,1.7446721881777996
-761,1.7581300843162515
-760,1.7190550749075477
-759,1.8571532010917102
-758,1.8877159491648616
-757,1.8133877447245872
-756,1.7753836517193924
-755,1.8700125014538378
-754,1.9068438950816329
-753,1.982851237553221
-752,1.8182436079541
-751,1.8354172650677643
-750,1.8496917945896103
-749,1.765888697120165
-748,1.850638770169879
-747,2.076634186870289
-746,1.8174887746563273
-745,1.9442556816901424
-744,1.8930902427875527
-743,1.9828691182809628
-742,2.103536460443491
-741,1.8645760398088838
-740,2.0236613230086307
-739,1.9629968643035327
-738,1.8572768294716657
-737,1.8330401725325705
-736,1.9157384954914003
-735,1.8765945544341478
-734,2.012480652440113
-733,2.0410083237847645
-732,1.8933399531221935
-731,1.8182357396404405
-730,1.829986902952541
-729,1.919504374889436
-728,1.9569893242494247
-727,2.1579694484295646
-726,1.9586781702669647
-725,2.001469949380268
-724,2.0386415967642675
-723,1.9677502034746963
-722,1.9406360817422619
-721,2.0072819988372594
-720,1.9472982323040808
-719,2.3035343591642325
-718,1.9849471791209647
-717,1.94561544143636
-716,1.9098482080415748
-715,2.0050547083623083
-714,1.9487791916218344
-713,2.0580469260521865
-712,2.092763746001795
-711,2.1207016295034666
-710,2.086709706387429
-709,2.4242765908947916
-708,2.1064823593752866
-707,2.0306429816646125
-706,2.0549348300855654
-705,2.2717780009299573
-704,2.2283678337472685
-703,2.115082693350916
-702,2.1819481344598834
-701,1.9949375610175843
-700,2.134809109769961
-699,2.12424406627244
-698,2.065221435165346
-697,2.1808479293888086
-696,2.047878457918689
-695,2.0522772044981803
-694,1.9321517725156339
-693,2.0579974005621735
-692,2.1826707434319013
-691,2.1044744551343872
-690,2.2008545676825437
-689,2.124277365294602
-688,2.217579290768799
-687,2.132391134358108
-686,2.0021538132242447
-685,2.159217671733204
-684,2.11326740791443
-683,2.1066582099567146
-682,2.2045637861019687
-681,2.1807506937330428
-680,2.1335703156169274
-679,1.9698963408113017
-678,2.2408172087074028
-677,2.14196670407753
-676,2.336521944062182
-675,2.1525814235514327
-674,2.184391264967384
-673,2.1487812942358215
-672,2.2770293922297506
-671,2.197109989063752
-670,2.1166820921727267
-669,2.0985322258347883
-668,2.225296010717365
-667,2.257909828928901
-666,2.2369633679455068
-665,2.206171146973633
-664,2.2426354291151855
-663,2.203662538861655
-662,2.134430243826402
-661,2.2299882934689617
-660,2.4474935004677723
-659,2.299220407292096
-658,2.3013225239727526
-657,2.2424174363182
-656,2.226909479948046
-655,2.2427602798129307
-654,2.3414532455097374
-653,2.1698184701269088
-652,2.1407361801610993
-651,2.2132741787812638
-650,2.227305177621833
-649,2.2829753737150384
-648,2.2195230166380666
-647,2.2759012913501357
-646,2.1262117231807482
-645,2.4457425609012717
-644,2.419193122225948
-643,2.2366691949760864
-642,2.313847309457082
-641,2.2535654195108896
-640,2.3795109659040032
-639,2.43418974977668
-638,2.222221358305858
-637,2.222910781447418
-636,2.238017722023945
-635,2.3340074269577666
-634,2.481121112727511
-633,2.46239855631668
-632,2.101000731576478
-631,2.237867301008398
-630,2.272546027859637
-629,2.349507668722565
-628,2.336356038467234
-627,2.2464462243074377
-626,2.301044200253365
-625,2.4142976023095484
-624,2.433488665381461
-623,2.4697206117731025
-622,2.28651845401111
-621,2.5586565828095056
-620,2.4378478170596596
-619,2.242237633999362
-618,2.53461299066694
-617,2.3476608313486866
-616,2.338151301143284
-615,2.3683997558884013
-614,2.3052529368221406
-613,2.3975210265778664
-612,2.3425899586005183
-611,2.55309365611116
-610,2.5639890948360695
-609,2.666441436874864
-608,2.612067549000494
-607,2.3767014910613353
-606,2.460377504376927
-605,2.579110376415722
-604,2.3229103201914327
-603,2.479612248651289
-602,2.519033199802878
-601,2.5592105889697554
-600,2.638261987325591
-599,2.5910001815264048
-598,2.6305162188683155
-597,2.592599412446462
-596,2.6369845373763137
-595,2.511343457340349
-594,2.5324765120379045
-593,2.6493573868642386
-592,2.6973625362569975
-591,2.567130106234403
-590,2.508881590138719
-589,2.4715307067164485
-588,2.6804824540343204
-587,2.6246585766896287
-586,2.5868285283226733
-585,2.658416492389165
-584,2.6944964028520575
-583,2.5197314964231308
-582,2.5290215572722703
-581,2.714873524226021
-580,2.9106688909926164
-579,2.7134779811605543
-578,2.6223903167314617
-577,2.589183012712895
-576,2.5122154999826005
-575,2.7159786968112587
-574,2.5870050868319687
-573,2.7306404795154577
-572,2.5868612420796704
-571,2.7395585278494017
-570,2.9087894977484825
-569,2.7342505187644432
-568,2.623461727515317
-567,2.6716852141653358
-566,2.6359751315404436
-565,3.0421018174272763
-564,2.9194560554358437
-563,2.737479892723968
-562,2.550101786873392
-561,2.471379907807497
-560,2.739154921654321
-559,2.7892658104097148
-558,2.6083815253275553
-557,2.5765874471324084
-556,2.7379359598731177
-555,2.8845073782288653
-554,2.8687650241093645
-553,3.001489533523652
-552,2.7888160866075284
-551,2.888443278115691
-550,2.845069843455398
-549,2.9281160344325166
-548,2.9433356007125915
-547,2.8159868550189633
-546,2.935917680940818
-545,2.895655169068356
-544,2.915413822458394
-543,3.1208917783488563
-542,2.7619226874076843
-541,3.094497776716948
-540,2.8191502110528837
-539,2.998052013414109
-538,2.9114238422992824
-537,2.9566919137254106
-536,3.032328987002533
-535,3.079109825344431
-534,2.9719804647364954
-533,2.9665402925413913
-532,3.080228847057676
-531,2.997605442612542
-530,3.0956798633063527
-529,2.9861380780639295
-528,3.0349671142457413
-527,3.118530710201178
-526,3.177664253962612
-525,3.08781122325849
-524,3.101051652245595
-523,3.156322200299666
-522,3.1125017654429326
-521,3.3377954293893
-520,3.2552945788063132
-519,3.350214087549067
-518,3.014192198039822
-517,3.166160758427249
-516,3.1899581385925697
-515,3.2891450822567574
-514,3.265393515899878
-513,3.1515444441551437
-512,3.2368950446583167
-511,3.1576735871392927
-510,3.285604418298967
-509,3.361893124504692
-508,3.238291419708322
-507,3.0902579608263925
-506,3.1262517001281647
-505,3.0615796841642764
-504,3.446990835062277
-503,3.2911212552617135
-502,3.3700980151592166
-501,3.276564492462483
-500,3.2414298347512505
-499,3.38659922780552
-498,3.227902022168941
-497,3.3593484406528047
-496,3.3419634882781852
-495,3.2839811831734464
-494,3.3300275199844305
-493,3.408394151405386
-492,3.512023333470271
-491,3.471067937536205
-490,3.548701976553854
-489,3.548185884613444
-488,3.6781121388742792
-487,3.3567184515882764
-486,3.3489562801196184
-485,3.401715939322633
-484,3.6270976905187866
-483,3.5477699730013708
-482,3.4643523884240772
-481,3.4372702630906766
-480,3.423831589403322
-479,3.5030308742981986
-478,3.507040786959247
-477,3.685036716187599
-476,3.3963793259030566
-475,3.2950899267883496
-474,3.589059510499379
-473,3.519241729671175
-472,3.694626626898312
-471,3.6775606558105305
-470,3.5632934112193855
-469,3.6118456275398954
-468,3.652842896945845
-467,3.5010733914916767
-466,3.627418923894293
-465,3.530115566815094
-464,3.911569948845781
-463,3.6593789094778044
-462,3.779660924711008
-461,3.7846249564052816
-460,3.779339901104062
-459,4.0231895145773855
-458,4.067905486512041
-457,4.123567650126088
-456,3.8645202027730075
-455,3.691881159094779
-454,3.8979092970466187
-453,4.028526044244698
-452,3.8113039981954415
-451,3.901253806457473
-450,3.820877134378476
-449,3.808972735502136
-448,3.8992515303974766
-447,4.299544329327203
-446,3.896123514811211
-445,4.0719773334958
-444,3.76172652110064
-443,3.8689884864680417
-442,3.9354969056727174
-441,4.185922591955077
-440,4.094716999553332
-439,3.985740367311807
-438,3.9769622422025304
-437,3.716955355651274
-436,4.214135768840871
-435,4.225760289447801
-434,4.014508618135525
-433,3.8238518261836174
-432,3.9500722889173527
-431,3.9771780695687804
-430,4.262693848313494
-429,4.125817499881737
-428,4.170916731440658
-427,4.257099143449604
-426,4.072822110418685
-425,4.2179292150613295
-424,4.324721007286091
-423,4.032103810137118
-422,4.200679306762995
-421,4.32386163410713
-420,4.219708621652332
-419,4.401160308892517
-418,4.184887862549747
-417,4.252901633515134
-416,4.493563721618574
-415,4.063522128644526
-414,4.300494673319398
-413,4.315609449194768
-412,4.479430815994348
-411,4.431190834596551
-410,4.4539442541184595
-409,4.402737068342188
-408,4.44805141187886
-407,4.285106503344336
-406,4.6255818681839695
-405,4.303585215215008
-404,4.425799576764213
-403,4.508795488864558
-402,4.306783992343905
-401,4.364021077602042
-400,4.276975929251119
-399,4.48760606807
-398,4.6980301615967495
-397,4.7392366332968265
-396,4.894982436733753
-395,4.375449122204989
-394,4.722902527441165
-393,4.733368320800377
-392,4.656657627494783
-391,4.56345194423827
-390,4.555611993519345
-389,4.505176418573082
-388,4.547460649157856
-387,4.549564613600345
-386,4.951634226587515
-385,4.868557748006939
-384,4.979588011176249
-383,4.732820464240987
-382,4.630862161723839
-381,4.954424964518734
-380,4.936482201437077
-379,4.776065488364273
-378,4.9008229205556795
-377,4.655208463542231
-376,5.332501765260402
-375,5.028752944828469
-374,5.237914460799707
-373,4.975401727729181
-372,4.776061382636265
-371,5.436160709925332
-370,5.186007140342994
-369,5.225666503132146
-368,5.149859389171565
-367,5.231723864240454
-366,4.971132193315119
-365,5.195234618155452
-364,5.473617811949277
-363,5.141636824402284
-362,5.260056983409796
-361,5.432922422515607
-360,5.0954286452901485
-359,5.458803893680324
-358,5.362479775902404
-357,5.468554711830668
-356,5.30933176054406
-355,5.388470007589329
-354,5.440074684192941
-353,5.712927167925873
-352,5.530531067184311
-351,5.2555099466698
-350,5.633877599164871
-349,5.538634769641636
-348,5.895678134334173
-347,5.306254774939376
-346,6.017112799645265
-345,5.607949515018092
-344,6.074328058650247
-343,5.821423933700698
-342,5.74794068004557
-341,6.041581539220317
-340,5.862354521324529
-339,6.1367016813263096
-338,6.032187450242977
-337,5.436782830695474
-336,6.238365174899845
-335,5.5914507710443235
-334,5.939170966847931
-333,6.097898835302433
-332,6.199498911236784
-331,6.119558322058129
-330,5.884598137987615
-329,6.318596333330293
-328,6.341420532223912
-327,6.1488228051844915
-326,6.328174932194744
-325,6.183435940793075
-324,6.073702309694569
-323,6.189453917514457
-322,6.463119795463062
-321,6.1077895278283805
-320,6.287686298839746
-319,6.164532517835441
-318,6.504401317550965
-317,6.515920018193189
-316,6.396849624307966
-315,6.749681648212285
-314,6.388247898277005
-313,6.2406590193263
-312,6.4662944859880715
-311,6.877961716628999
-310,6.645203519222251
-309,6.528009706149796
-308,6.606542965559413
-307,6.36372898912691
-306,6.829973994118778
-305,6.735727618344565
-304,6.833654390834209
-303,7.172926027958505
-302,6.566696222280264
-301,7.072479795517474
-300,7.063071307375822
-299,6.852973441583874
-298,6.921375964923581
-297,7.007816114512034
-296,7.0690488947570085
-295,6.702319681008913
-294,6.72255544851334
-293,7.074477706882327
-292,7.1296267165998755
-291,7.086238521492781
-290,7.445042994076021
-289,6.780189197239412
-288,7.221887475408404
-287,7.158692118792218
-286,7.398973033004563
-285,7.27444738880829
-284,7.085820409492606
-283,7.495867760401256
-282,7.152743808840023
-281,7.468713976749317
-280,7.1650347637417955
-279,7.537586274028862
-278,7.4231435607542595
-277,7.34858370770959
-276,7.231078770436101
-275,7.103651496074222
-274,7.777157680332073
-273,8.089283006361098
-272,7.489890871992529
-271,7.603595411097694
-270,7.782308539308615
-269,7.855056280006078
-268,7.705479323162256
-267,7.521024468784089
-266,7.302001644298539
-265,7.553822317958633
-264,7.981616162717908
-263,7.365916093687784
-262,7.792188807592383
-261,7.508480992859607
-260,8.26357680740681
-259,7.70662192722801
-258,8.13321819762003
-257,7.886727832055803
-256,8.127561241107918
-255,7.826492018878882
-254,8.04526656818113
-253,7.537753551244387
-252,8.346119527048856
-251,8.19735623330249
-250,8.183751302582372
-249,7.593432106101557
-248,8.124483076636267
-247,8.811828331720898
-246,8.383663471706653
-245,8.71120446370144
-244,8.413805303596611
-243,8.223715015552468
-242,8.390410478184508
-241,8.762287538522536
-240,8.548182078737858
-239,9.313122190790292
-238,8.316350702261335
-237,8.816145337091145
-236,8.390148470185355
-235,8.667771247683895
-234,8.994611258157736
-233,9.045634690244391
-232,9.014316325175566
-231,8.445014461909517
-230,9.207661484924342
-229,8.934376408953662
-228,9.1763608617501
-227,8.886319834285919
-226,9.153598873048576
-225,8.732040507218912
-224,9.167718136605446
-223,9.436354035215507
-222,9.0057233514619
-221,8.993257007273915
-220,9.13100753799963
-219,9.385592853414302
-218,9.325314859247314
-217,9.25099150851862
-216,9.377714986892164
-215,9.694134544939624
-214,9.646316641222908
-213,9.933644123270367
-212,9.343506242550019
-211,9.761308287945104
-210,10.219512095748582
-209,9.86332328268454
-208,10.212322522603124
-207,9.941047285337412
-206,10.323067224834647
-205,10.23046407544566
-204,10.22097790907517
-203,10.105995258893
-202,10.331738645383682
-201,10.522308363418716
-200,10.427108956180485
-199,10.612095245105861
-198,11.057340094359423
-197,10.437257917495776
-196,10.686842321108763
-195,11.09844288722714
-194,11.157454922047464
-193,11.073741083413006
-192,11.067203248867115
-191,11.29764789617487
-190,10.998610088913724
-189,11.521754397384633
-188,11.322699680952107
-187,10.99155412400379
-186,11.812500684263428
-185,11.550549499752567
-184,11.67758229130436
-183,11.687704285313366
-182,12.347118713324294
-181,12.316371591231466
-180,12.195826777617109
-179,11.89041482452716
-178,12.05022659512004
-177,11.893561943599249
-176,12.681528011229531
-175,11.977477411352558
-174,12.491758844416697
-173,12.626297050734493
-172,12.371364872623982
-171,12.80292316136378
-170,12.942413164361172
-169,12.696922745047837
-168,12.876528429007779
-167,13.273861337102328
-166,13.07671247363396
-165,13.17852046743548
-164,13.287659481408491
-163,13.831030916537456
-162,13.45337368069882
-161,13.521646100795731
-160,13.72203502443652
-159,13.703803734815866
-158,14.337516896792406
-157,14.072558981498993
-156,14.040626304745544
-155,14.520894301875686
-154,14.283107953338728
-153,14.38764867013356
-152,14.511620761459877
-151,14.37542903660648
-150,14.930356533806027
-149,15.356416073572621
-148,14.955835864440449
-147,15.581249324027686
-146,14.942331290543043
-145,15.841111422695343
-144,15.186688645635703
-143,15.706110808344244
-142,16.04506068118257
-141,16.04022949870825
-140,15.56905993340626
-139,15.903770266451534
-138,15.447366961860439
-137,15.944941360608714
-136,16.10402284034965
-135,16.407680023890162
-134,16.318180573205687
-133,16.64367020882572
-132,17.294493608551203
-131,17.26646038604525
-130,17.000064595160005
-129,17.102505734921035
-128,16.913789592778613
-127,18.015682251092873
-126,17.476183163525388
-125,17.545912992809825
-124,17.99958288329411
-123,17.968039926149604
-122,18.197334478049733
-121,18.474462232827136
-120,17.480004063991935
-119,18.439226193903067
-118,18.07374161889945
-117,18.539652665564372
-116,19.407551442763676
-115,18.881571375506336
-114,19.06402636458842
-113,19.348679325387085
-112,19.20028299703084
-111,19.75081111178792
-110,19.420963172735068
-109,19.44512208746595
-108,20.37106216022103
-107,19.200757461904825
-106,19.616096980925676
-105,19.997278219757785
-104,19.66875355435216
-103,20.93758488713165
-102,20.425893885468625
-101,20.652781707820672
-100,20.004818579194993
-99,20.844903217098178
-98,20.80233071384557
-97,20.43937029981436
-96,20.771780675403086
-95,21.150365877733396
-94,21.03868927339086
-93,21.386859046649057
-92,20.932606031268936
-91,21.021210537600197
-90,21.163599844905843
-89,21.46773453960446
-88,21.76421950241327
-87,21.456938956599707
-86,21.48553047666752
-85,21.80175134657048
-84,22.302363657275507
-83,22.207924627820677
-82,21.99504778080411
-81,21.907100298514152
-80,22.27480428161603
-79,23.077870127862028
-78,22.101316457731325
-77,22.53716094226314
-76,22.810236827056542
-75,21.8928004094873
-74,23.210175994215636
-73,22.590361106903156
-72,22.164533481521048
-71,23.437598112479513
-70,22.838174403122636
-69,23.964901038592487
-68,22.588883661452908
-67,22.875260236227987
-66,23.19837207149742
-65,23.345226535905866
-64,23.050257846966506
-63,23.20945416447082
-62,22.333668001829857
-61,23.31234939941482
-60,23.131954833647153
-59,23.530164592536977
-58,23.43529368427964
-57,22.85668210813042
-56,23.98284669084323
-55,24.222765074797426
-54,23.951792952756186
-53,23.671325454574653
-52,22.976221974494518
-51,24.468996158262588
-50,24.196899865391877
-49,24.356939851109942
-48,24.620744283886303
-47,23.583315879024124
-46,24.392680103767614
-45,24.10345738958618
-44,24.115272419059824
-43,23.513124886311378
-42,23.719104732878638
-41,23.147320652096443
-40,23.35393361126966
-39,23.468976693142807
-38,24.193259166987467
-37,23.334453579370283
-36,23.889309852265235
-35,24.413155901467718
-34,24.14698574281179
-33,23.40043357179909
-32,22.44647900452601
-31,22.693208354501287
-30,22.80698626730664
-29,23.82922349046242
-28,24.643761128709606
-27,23.779699783827468
-26,24.54075807698339
-25,24.55470201874421
-24,25.146916900415697
-23,24.8612481994949
-22,23.277662281730226
-21,22.821292174634845
-20,22.817091074216776
-19,22.509129818413093
-18,22.593964786384422
-17,22.505249824629697
-16,22.19715996857574
-15,22.507906259135943
-14,21.848552085265855
-13,22.56724863818101
-12,22.52647006054606
-11,22.312984550999406
-10,23.017787533167372
-9,24.418775825814837
-8,22.913400463395085
-7,22.021263402412536
-6,20.92825861735248
-5,21.352775365978857
-4,22.358541854291833
-3,20.615517184052784
-2,20.750314590481953
-1,21.553266587351132
0,24.050805380993513
1,26.49730929567631
2,24.70242511860729
3,21.967902835827253
4,20.77982735453031
5,20.82011134925237
6,23.81873622509695
7,22.768457229918475
8,21.105845444538033
9,21.728370857560652
10,21.435922777257566
11,21.67219763873654
12,20.390256636589072
13,20.60099404028128
14,21.430791556457034
15,21.077431920612668
16,21.49109772916395
17,21.98154617403441
18,22.06580126712561
19,21.872467056233646
20,21.796229851939977
21,21.518177126092887
22,22.534824580964415
23,22.58607838056423
24,22.276200224886498
25,21.558273508563673
26,21.259933093851963
27,21.87867075221368
28,21.406476308958297
29,20.720577698395413
30,21.333100295828665
31,20.529434860610284
32,21.100588028769007
33,20.485716891363467
34,21.09748612315167
35,21.065425690663606
36,21.102219758277
37,20.887889619716066
38,21.113201865580272
39,20.838872976571807
40,20.334407010890978
41,20.196134181515156
42,20.455305327263886
43,20.032955926042167
44,19.261498660160804
45,18.974552259764383
46,18.70808118618009
47,18.020489677685244
48,19.024394193377116
49,18.03565612171761
50,18.723417377029687
51,18.524055098014646
52,18.173806975188064
53,18.60111459327754
54,18.193638869207074
55,18.278406973882472
56,17.69248209066533
57,17.508120238678664
58,16.62372186792446
59,16.437224430176926
60,16.782169981424254
61,16.50001962276676
62,16.27269356172937
63,16.51512922450516
64,16.449539747054494
65,15.820138907807621
66,16.20874028567354
67,15.800666237068487
68,15.102800557305802
69,15.74033726395408
70,14.981833042536467
71,15.004624684409277
72,14.768843149368458
73,14.01705795143356
74,14.82928629906194
75,14.532715771086801
76,14.773161744931059
77,14.58507489695289
78,14.820275338657241
79,14.385978218372673
80,13.283443997419496
81,13.575504959545556
82,13.556504985472321
83,13.59944444703992
84,13.905496090102853
85,13.065904417909081
86,12.827149727483661
87,13.521214679324101
88,12.965163207653722
89,13.009802377650965
90,13.066634637797405
91,12.011257636362346
92,12.773050837377111
93,12.56651606857564
94,11.942856162747002
95,12.358390119664262
96,12.054843106997934
97,12.018452839665184
98,11.952442194330501
99,11.829753922023237
100,12.006128878124676
101,11.690004082912429
102,11.49494101202412
103,12.011167891141078
104,11.252006707980398
105,11.628764726582098
106,10.927895347964718
107,11.47468700255439
108,10.72150742010407
109,10.892575493236482
110,10.939040426846136
111,10.41727151261595
112,11.07632772522715
113,10.370528898983306
114,10.688598657058106
115,10.12656940253429
116,9.927994377343804
117,10.130467717690687
118,10.394332704583128
119,10.20263186663124
120,10.125043930272138
121,9.66874950639433
122,10.022957146743021
123,9.890119537455442
124,9.904607939224654
125,9.783390087008833
126,9.678401689019898
127,9.521636040818692
128,9.311667192728056
129,9.821610715952618
130,9.475427726350398
131,9.422232783687408
132,8.98703590928892
133,9.486312163984415
134,9.457144458966706
135,9.543982148333365
136,8.804474343157084
137,9.129579972760569
138,9.115772462128932
139,8.931462634975054
140,8.80721306367314
141,8.637800460335912
142,8.496927693560917
143,8.204930319204799
144,8.680384594908913
145,8.839479297420732
146,8.49066359333976
147,8.960112453288005
148,8.48131310708166
149,8.572740297675578
150,8.663179977668392
151,8.590030733534284
152,8.57851125873454
153,8.788853041918266
154,8.621335532188468
155,8.416982515686135
156,8.910918327570752
157,8.657426128925152
158,8.607195957599581
159,8.202792063222018
160,8.139781106106646
161,8.655129993346034
162,8.51080385712754
163,8.328349060625145
164,8.626607530354308
165,8.324420470782465
166,8.557828343320827
167,8.641300066824007
168,8.784254469637423
169,8.327561093846612
170,8.534503197260031
171,8.466585460863556
172,8.313432376298566
173,8.561457784190045
174,8.485483683778288
175,8.03192684077799
176,8.585718135400523
177,8.48849584721942
178,8.645098212439748
179,8.616627058942427
180,8.369531164919588
181,8.8469624806669
182,8.440674920411807
183,8.511419831862161
184,8.478871657056425
185,8.400875288869686
186,8.351658508579332
187,8.687523663345017
188,8.901469522265845
189,8.615732420692817
190,8.395179559616157
191,9.059763841233682
192,8.525447265079995
193,8.696796789854583
194,8.484207429960389
195,8.770136791230433
196,8.892811213674417
197,8.620450593297777
198,8.960272934453473
199,8.993820232681111
200,8.501067461120991
201,8.594393465107844
202,8.889245368263017
203,8.83406119980455
204,8.898659142563346
205,8.972190288776957
206,8.92505319007606
207,9.32208952853243
208,9.420039776554482
209,8.758465109924002
210,9.00549774512264
211,8.866357288040463
212,9.254957681257137
213,9.269094642839464
214,9.308742276447475
215,9.414638453724576
216,9.47768942474304
217,9.411465457056375
218,9.248253435805589
219,8.830425009784575
220,8.905805774762637
221,9.253645931691686
222,9.461265219593082
223,9.325354799983606
224,9.211826623306134
225,9.14219072588387
226,9.454944270480075
227,9.545159237202736
228,9.070882315626681
229,8.777380262204288
230,8.933127914697664
231,9.253136433115836
232,8.94619673182003
233,9.116777767113703
234,8.841628120448581
235,9.205160331569221
236,9.335782881978272
237,9.169964015414386
238,8.83989754632606
239,8.910442414167267
240,8.929339768962272
241,9.24704133362119
242,9.21671812806836
243,9.090342467316558
244,8.882753877369638
245,9.216274271450592
246,8.78799037745643
247,9.082719366709412
248,9.026934681237558
249,8.749881297290965
250,8.782350533107246
251,9.12576632953024
252,8.631265726334833
253,8.94622291330763
254,8.938908225070445
255,9.396232566236405
256,9.00759484932458
257,9.161965698006922
258,9.113283943879733
259,8.696250588930704
260,8.679267988009917
261,8.704151560171843
262,8.601251319197363
263,8.85212399757224
264,8.955534830939133
265,8.79005435232744
266,9.037523654802381
267,8.502146246797446
268,8.658365139211421
269,8.33514121283833
270,8.401560025946498
271,8.683589456698645
272,8.608929732789447
273,8.449250328264243
274,8.80403490271429
275,8.183362366557182
276,8.721266577208718
277,8.625063317056748
278,8.307577997331663
279,8.428510474950928
280,8.100366506493485
281,8.612429473482939
282,8.49502444616724
283,8.290248115605163
284,7.81708803366075
285,8.10415775302821
286,8.12213873045676
287,8.317421603340273
288,8.051104664265795
289,8.046799700289917
290,7.751824138818064
291,8.136617640297345
292,8.107173577102168
293,7.9859617212514165
294,8.22859415481047
295,7.622664072669128
296,7.839327291573398
297,7.940579080551466
298,7.846086837327819
299,8.096620597067771
300,7.787667584028497
301,8.06909180450182
302,7.683434439655573
303,8.091096124759998
304,7.90347066306873
305,7.770518731942003
306,7.247858892730185
307,7.611513002632251
308,7.853529975199444
309,7.828304355791678
310,7.311538350592405
311,7.502700380642817
312,7.194620798972886
313,7.613392232746645
314,7.503062423950587
315,7.412667957088116
316,7.371831334519366
317,7.381088854882009
318,7.737856667074684
319,7.362511344384018
320,7.39389992299785
321,7.319165440218324
322,7.356411839765047
323,7.292121045445388
324,7.194257952258882
325,7.29493974030931
326,7.337786392292682
327,6.95252803965994
328,7.270497890171647
329,7.150066010934355
330,7.045306987995884
331,7.109397640694796
332,7.187370185555958
333,7.402377989598839
334,7.172927879374764
335,7.188404846885424
336,7.147869850607383
337,7.275753640623779
338,7.031893028120686
339,6.935686639258616
340,7.362821331939199
341,6.856680888897209
342,7.085214558965808
343,6.565934643690086
344,7.16138613602353
345,7.0226298394534306
346,7.087614321199547
347,7.220137567413831
348,7.048641817814247
349,6.769157266470038
350,6.838519653734741
351,6.81732241000015
352,7.140135053454932
353,6.901991939908876
354,6.777459114914854
355,6.923250473165513
356,6.790151901568216
357,6.858126028597685
358,6.733180062403047
359,6.825209201100055
360,6.899288287386949
361,6.579637249713376
362,7.207370778297557
363,6.836328524663725
364,6.655817233570178
365,6.907947573768137
366,6.3908058288192855
367,6.595365609480876
368,6.6479586760656835
369,6.970120549807895
370,7.0110719906000405
371,6.812243687327898
372,6.740497014609718
373,6.616688230472408
374,6.533717435809982
375,6.584983328393791
376,6.705731144030461
377,7.0008341760906765
378,6.858601037269509
379,6.6930347438256135
380,6.49200874622857
381,6.676007543720206
382,6.544499728288475
383,6.650429655935987
384,6.552181554544602
385,6.607848656235354
386,6.502704848228582
387,6.743054634663137
388,6.464178629292814
389,6.41623205708037
390,6.959728573143604
391,6.697141696155012
392,6.646595272263224
393,6.479616553173464
394,6.535330940825795
395,6.8763945141667415
396,6.454477815992751
397,6.370761370410847
398,6.418955241572361
399,6.518739534462276
400,6.757623506529574
401,6.392708450557228
402,6.5276569158645215
403,6.379083999315226
404,6.6249254954438035
405,6.610341371594594
406,6.476763045145503
407,6.445004885492549
408,6.320598720905686
409,6.4324343203770065
410,6.767954881070678
411,6.581475745820529
412,6.533538238966747
413,6.291924178715099
414,6.29160280991757
415,6.4137275721331
416,6.4719617314823354
417,6.341197099235276
418,6.147962160919841
419,6.574338627453714
420,6.503698010638158
421,6.3783672676209395
422,6.47088990350302
423,6.369179027659178
424,6.349315708844168
425,6.474849979893765
426,6.662867461485186
427,6.28533532613012
428,6.429830345734861
429,6.15605379340781
430,6.231034203098005
431,6.33367538886975
432,6.315991402991507
433,6.4190029585473
434,6.413089572229393
435,6.556720044199064
436,6.775403730543188
437,6.125958869056058
438,6.447171919277641
439,6.338869193411477
440,6.434990896160169
441,6.280943971846231
442,6.653428395956812
443,5.812432995874721
444,6.368764238360277
445,5.9428735451806585
446,6.08931512774053
447,5.982233732456432
448,6.164161886293803
449,6.011655706801471
450,6.09010265242292
451,6.084628337786468
452,5.917416214374079
453,6.174038983061735
454,6.093362940960002
455,5.979702596444563
456,6.283645642065716
457,5.682709210629457
458,6.172669625177981
459,5.936316222776136
460,5.946811785758304
461,6.289275413964411
462,5.65463202770139
463,6.068448543743721
464,5.790559837250821
465,6.2977294581489724
466,5.785882219329108
467,5.767378564241763
468,5.660599250444898
469,6.187182496937096
470,5.994559147837281
471,5.710771585848706
472,5.468840398615315
473,5.5133130427181465
474,5.90794741609159
475,6.00390831119207
476,5.632796130689818
477,5.876551081422461
478,5.863889137007876
479,5.878795593518475
480,5.777701818246341
481,5.454727665627774
482,5.772865286676213
483,5.551257422530973
484,5.646703470342815
485,5.86181662250654
486,5.548512256015635
487,5.63283173350505
488,5.566119986439899
489,5.649683399324963
490,5.84418364342867
491,5.487668995772181
492,5.4311863244462915
493,5.54522569399662
494,5.514989921122161
495,5.784605092142106
496,5.646397189100332
497,5.695109189551946
498,5.29300690028231
499,5.701447060541146
500,5.547983772532891
501,5.445489926523407
502,5.7471213601786015
503,5.0451614305208246
504,5.496661846369349
505,5.466541366705343
506,5.408514091768871
507,5.438793519784471
508,5.327281931102846
509,5.526832040080248
510,5.492670449554143
511,5.535663820172188
512,5.699974730882508
513,5.080945356804615
514,5.314915719771188
515,5.247932615325246
516,5.253721773937484
517,5.368287375910992
518,5.191459649639936
519,5.102867795981134
520,5.455602205587283
521,5.402917554240389
522,5.2862879471732995
523,5.456068378767385
524,5.206715670484769
525,5.269203764510879
526,5.323426127700205
527,5.478721419465051
528,5.330100538609245
529,5.156582773546975
530,5.433172375812607
531,5.652665785579268
532,5.306031228708987
533,5.430138418515382
534,5.150130536743217
535,5.502854835769638
536,5.368937385244618
537,5.17990899126098
538,5.233127773904022
539,5.176072234694356
540,5.314905047908231
541,5.485852622022481
542,5.0253963513117474
543,4.9930136100465985
544,5.137524745986348
545,4.90580225396014
546,5.291015222663343
547,4.972354773904437
548,4.956751313138144
549,5.166821229414377
550,4.995555160975029
551,5.151542351177602
552,5.14354081313517
553,4.930473057788234
554,5.129128230498584
555,5.232798049999059
556,5.0684610281662446
557,5.031178009656485
558,5.091160480150918
559,5.115854927002689
560,5.325495681770246
561,5.399877940765637
562,4.9496627679819305
563,5.092764284485148
564,4.951852112447535
565,5.211031897434209
566,5.437390267482654
567,5.17148882864412
568,5.136539849963975
569,4.887787156357468
570,5.1550826397694465
571,5.114864213582745
572,4.9185100043011145
573,5.316909875280913
574,5.127943097374674
575,4.925832787038901
576,4.689587046532775
577,4.9462387481673415
578,4.774515188997087
579,5.131947318647943
580,5.164981213068433
581,5.127324996951486
582,5.069941290737319
583,5.094943109287092
584,5.0080611447675425
585,4.891997403295682
586,5.07869696137606
587,4.8567494718740125
588,4.934159299888153
589,4.799369002576617
590,5.04196774731229
591,4.750919733445153
592,4.783852164945236
593,4.998234258023929
594,4.853125498689033
595,5.048135817206119
596,4.641442738536795
597,4.852011196519555
598,5.188657626331397
599,4.878782624342942
600,4.897258064289822
601,4.904653112761444
602,4.899149520394316
603,4.907885088930382
604,4.817657867742444
605,4.794088898357525
606,4.695763176621189
607,5.08037165590783
608,4.809815970947975
609,4.858729179308552
610,4.612524291096163
611,4.509947792711776
612,4.755633287483597
613,4.703137118549007
614,4.948251057819204
615,4.890020732278814
616,4.590932658763023
617,4.6126420582028675
618,4.652829146629329
619,4.837442854628676
620,4.623321447099764
621,4.700914431739447
622,4.578759846520215
623,4.713210841363896
624,4.611376461304624
625,4.799213925395384
626,4.551338587710552
627,4.656869660422337
628,4.2138128685746485
629,4.6791315617828095
630,4.405428154521415
631,4.670787399094334
632,4.735647762601926
633,4.447380395967002
634,4.6565015730949275
635,4.359125475460465
636,4.5296238653624
637,4.540871593256144
638,4.462733364792582
639,4.64343834124383
640,4.531140785020887
641,4.492812305576189
642,4.376760823503732
643,4.6448584540071876
644,4.620362367840153
645,4.5838267018089836
646,4.811869359334333
647,4.608750374825447
648,4.490942636367519
649,4.481853687241512
650,4.42284250320627
651,4.643137281675407
652,4.406794647638059
653,4.407025365402305
654,4.301483962708745
655,4.353264386492096
656,4.446599510956068
657,4.446580367348922
658,4.6574465152589415
659,4.343236019081592
660,4.180698636558778
661,4.449769509216995
662,4.576112740928574
663,4.37004954694842
664,4.382285518573398
665,4.465345798276219
666,4.499299578967299
667,4.436692150841201
668,4.261290149627817
669,4.3532440893378705
670,4.331590021675346
671,4.324662499529524
672,4.233943210965018
673,4.304523125511561
674,4.283672617066944
675,4.1421786331374975
676,4.264114284771313
677,4.177110134988891
678,4.558564848228357
679,4.189895341750355
680,4.297821909808202
681,4.088636347325448
682,4.264843533382758
683,3.966886386802558
684,4.172698302583745
685,4.1600909119458915
686,4.265292510236545
687,4.213072767238129
688,4.310127795188605
689,4.153775900267245
690,3.9648289231935183
691,3.810912680418881
692,4.11263049002891
693,4.248566616326152
694,3.9792695676021457
695,4.013582321125485
696,3.933365355809434
697,4.312595410845473
698,4.046561254754161
699,4.096491330511814
700,4.06857534150132
701,4.249611006805953
702,4.0959359268962245
703,4.055286908296767
704,4.013505931891478
705,4.031545150553058
706,4.13826932945492
707,3.8778538153818776
708,3.693138751933839
709,4.080418157883082
710,3.9816269418001373
711,3.9752668388605006
712,4.0723092158378265
713,4.125189666600251
714,4.162289091116197
715,3.8091216717242715
716,3.8207137063095837
717,3.9010647955102185
718,3.9273736324106814
719,3.952545278335951
720,3.847817937191527
721,4.031849188721557
722,3.8369343146088375
723,4.090524946105619
724,4.02446065912579
725,3.8755913155181645
726,3.8122503574294058
727,3.6551594032397814
728,4.02044624572036
729,3.803795708210166
730,4.000530915483057
731,3.9288155530066096
732,3.9009459762522027
733,4.085335329689696
734,3.927541970545932
735,3.9618401405221886
736,3.884728281652169
737,4.0256114075191025
738,3.953618906147495
739,3.8066582219962934
740,3.806427340421377
741,3.638843618156035
742,3.892572454903266
743,3.670713449563524
744,4.004282033734952
745,3.789339997013624
746,3.6753637317471157
747,3.7208673271909913
748,3.713809266967725
749,3.7907911428401686
750,3.7452619619660936
751,3.697942288462509
752,3.8070984489725843
753,3.847479240711109
754,3.9013331752604548
755,4.24259554638253
756,3.705605251402436
757,3.7619456797325728
758,3.633681681794073
759,3.6158421131273815
760,3.5585242046656247
761,3.575510788839902
762,3.790193738456165
763,3.5670589139300324
764,3.710233251232783
765,3.712909102960336
766,3.6724746948571463
767,3.784918284610519
768,3.3693604439273543
769,3.723606460181692
770,3.7368150150411883
771,3.6961823665631686
772,3.7976199573313343
773,3.519901637414572
774,3.5921956835303086
775,3.555876345450549
776,3.531332743106931
777,3.828030119472109
778,3.6422002968109743
779,3.779197555040968
780,3.9185742673465915
781,3.7552359918826306
782,3.7060805668529913
783,3.527186330172289
784,3.738693407104409
785,3.772897982480082
786,3.5339325243568336
787,3.6101411039183144
788,3.369886191450846
789,3.639994036563173
790,3.439770136347007
791,3.6169221784448857
792,3.6756308846391765
793,3.6195034174486453
794,3.385159726104897
795,3.3479149071454675
796,3.7841571852461984
797,3.608260348384207
798,3.767620599536351
799,3.467146023310376
800,3.521742709297825
801,3.7456661409451577
802,3.5238243771161573
803,3.5862768853918965
804,3.4127292850805726
805,3.4724856599488314
806,3.7389158702682366
807,3.7356217027344365
808,3.6111700437201684
809,3.524877535404904
810,3.315937892017366
811,3.652889279198254
812,3.5733404914282447
813,3.4757922510171637
814,3.424149746721497
815,3.4528020796807364
816,3.6395526260332507
817,3.344323731350252
818,3.5182247938078617
819,3.4653905926018154
820,3.4121680651996016
821,3.4115238146937372
822,3.5153422796281864
823,3.4141526006034835
824,3.164513965105778
825,3.4709152356541297
826,3.438934015903738
827,3.455894651889785
828,3.469552015519443
829,3.1022740609215873
830,3.186426103360743
831,3.489355088537949
832,3.301480519854909
833,3.2705764720697075
834,3.399038650253546
835,3.2905379048087
836,3.412640616969097
837,3.5078185066628853
838,3.299188211984907
839,3.1814487571934085
840,3.4134001186685903
841,3.093875870270823
842,3.3979402319088727
843,3.308311003347322
844,3.3148787396300103
845,3.393995616063365
846,3.436211160359597
847,3.306471252662398
848,3.1946214860905715
849,3.3328138921633155
850,3.263029234677757
851,3.1734350595041496
852,3.20585274655126
853,3.3196766422964963
854,3.366147103935477
855,3.2891742841851244
856,3.08459664814433
857,3.1706144885696674
858,3.2478170332867498
859,3.359281386607474
860,3.324404309066192
861,3.207120299634124
862,3.106506699588115
863,3.202831093372239
864,3.0491902838437577
865,3.338004087261151
866,3.1406251915531778
867,3.244625150524798
868,3.239147819767119
869,2.9396570488473257
870,2.802980097587968
871,3.15580161440926
872,3.049066114366318
873,3.2782149683442627
874,3.050798427884434
875,2.9156311596267477
876,3.213080446053473
877,2.9812998337618777
878,3.044554619231661
879,3.100946249023928
880,2.9464319825350116
881,3.201668983974903
882,3.148548549101407
883,3.272148748295442
884,3.0962932793766846
885,2.9154392594649683
886,3.1648692479803264
887,3.179076816350951
888,2.9849972509975027
889,2.9559043505324625
890,2.9378679496410918
891,3.206834089644957
892,3.106987941874
893,3.20114871333525
894,2.9096894252907775
895,3.0060530351042156
896,2.952710880743729
897,3.019089643779009
898,2.9204604579943623
899,2.9485694617672378
900,3.046300552641664
901,3.0674542654633306
902,2.9773360320402267
903,3.330339217688579
904,2.990638667009287
905,3.0903686167937807
906,2.93611443864146
907,2.851545042201386
908,3.067200151549857
909,3.0795016344235777
910,2.99511390951549
911,2.910630328261264
912,2.844801989545054
913,2.8782469446399777
914,3.0848556765551707
915,2.9297256493531263
916,2.876449648641337
917,2.793055615249626
918,3.0006433589706276
919,2.9682172190679585
920,2.9535105576818292
921,2.7924190325106335
922,2.978817313545303
923,2.7390490822742914
924,2.979176025721477
925,2.9839379919403153
926,2.9232119458756904
927,2.806684574571255
928,2.951615132078308
929,2.8676607630997903
930,2.8185865869992055
931,2.7678422639961764
932,2.6798215222736954
933,2.8977905982965737
934,2.815178100213879
935,2.809340569262405
936,2.9707468031728945
937,2.912980598185485
938,2.798245610068314
939,3.0026960778303375
940,2.8744746458427106
941,2.7379488240792678
942,2.863381161990796
943,2.8327564460714316
944,2.6838859594263598
945,2.884119042410149
946,2.8109977120244194
947,2.6822903757199414
948,2.6809591084998523
949,2.806552621779296
950,2.9758234017995377
951,2.769233981067706
952,2.770139938841778
953,2.7097815495884956
954,2.6568855683988812
955,2.842318473292609
956,2.6080420330737986
957,3.0269457124742964
958,2.6883639798463017
959,2.940276707104572
960,2.803175949850508
961,2.809125722977434
962,2.690228277080088
963,2.715206194811315
964,2.8138704380422643
965,2.7863457065006885
966,2.543301385488989
967,2.777908446939938
968,2.58281318447974
969,2.9899465080744076
970,2.616481861869413
971,2.6981630378524604
972,2.477994892809833
973,2.9979127071602796
974,2.681057303198633
975,2.87348947908046
976,2.9077477028068097
977,2.592480784981177
978,2.8903392593779857
979,2.804769364812485
980,2.655256835542023
981,2.5241331165114067
982,2.3648307810761167
983,2.6962276366709803
984,2.5456027010506204
985,2.7155361250683674
986,2.7058758491567145
987,2.657296796613343
988,2.519663462937203
989,2.6887389944150843
990,2.6325409707036624
991,2.6501880026305678
992,2.5961301681110673
993,2.674652128191577
994,2.5582338713270656
995,2.566578094271745
996,2.657275120413843
997,2.710686431074041
998,2.488926222431084
999,2.651728734343697
1000,2.552308296796933
